,num_epochs,train_acc,test_acc,train_bal_acc,test_bal_acc,train_f1_macro,test_f1_macro,train_f1_weighted,test_f1_weighted,overfit_gap
0,10,0.6958113054087027,0.6232765612327656,0.4742209608765195,0.3913071907333455,0.5039392431756309,0.3903549822559196,0.6675550228536123,0.5907979870718201,0.0725
1,30,0.9886132574217161,0.6508515815085159,0.9717413848929178,0.48173873703856135,0.9813925680681493,0.4970267221952597,0.9885026491878075,0.6325434236206747,0.3378
2,40,0.9987799918666125,0.6305758313057583,0.9990040460628695,0.491673735456419,0.9978910420479901,0.4975861893368424,0.9987850012465926,0.6167568146011898,0.3682
3,50,1.0,0.6196269261962692,1.0,0.4905691962577,1.0,0.502387610454206,1.0,0.6063001916824422,0.3804
4,60,1.0,0.592051905920519,1.0,0.46485888156243077,1.0,0.47083896195926594,1.0,0.5792279658206174,0.4079
