name,test_acc,test_bal_acc,test_f1_macro,test_f1_weighted,overfit_gap
lr_5e-5,0.6467964314679643,0.38380829183529974,0.3790931261141126,0.5924674563828217,0.0258
lr_1e-5,0.5218978102189781,0.2528638798952572,0.2430701403006772,0.43441607817365097,-0.0001
lr_5e-3,0.6666666666666666,0.5193462149845331,0.5363139943901868,0.6493844532620865,0.3333
lr_1e-2,0.3240064882400649,0.07724867724867725,0.04519852457973841,0.16850487899718708,-0.0036
lr_5e-2,0.37875101378751014,0.1243765719549004,0.07627387754712615,0.2306774565439776,-0.0083
